{
  "lang":"es",
  "name":"pipeline",
  "version":"0.0.0",
  "spacy_version":">=3.0.6,<3.1.0",
  "description":"",
  "author":"",
  "email":"",
  "url":"",
  "license":"",
  "spacy_git_version":"df3444421",
  "vectors":{
    "width":0,
    "vectors":0,
    "keys":0,
    "name":null
  },
  "labels":{
    "tok2vec":[

    ],
    "ner":[
      "APELLIDO",
      "CIUDAD",
      "CP",
      "CSV",
      "CUENTA_BANCARIA",
      "DIRECCION",
      "DNI",
      "EMAIL",
      "MATRICULA",
      "NOMBRE",
      "PROVINCIA",
      "REF_CATASTRAL",
      "TELEFONO",
      "URL"
    ]
  },
  "pipeline":[
    "tok2vec",
    "ner"
  ],
  "components":[
    "tok2vec",
    "ner"
  ],
  "disabled":[

  ],
  "performance":{
    "ents_per_type":{
      "NOMBRE":{
        "p":0.9336099585,
        "r":0.9221311475,
        "f":0.9278350515
      },
      "APELLIDO":{
        "p":0.9708333333,
        "r":0.9471544715,
        "f":0.9588477366
      },
      "CSV":{
        "p":0.9375,
        "r":0.9677419355,
        "f":0.9523809524
      },
      "CIUDAD":{
        "p":0.9859813084,
        "r":0.9678899083,
        "f":0.9768518519
      },
      "URL":{
        "p":1.0,
        "r":0.9285714286,
        "f":0.962962963
      },
      "DIRECCION":{
        "p":0.7708333333,
        "r":0.6727272727,
        "f":0.7184466019
      },
      "CP":{
        "p":0.9411764706,
        "r":0.9411764706,
        "f":0.9411764706
      },
      "TELEFONO":{
        "p":1.0,
        "r":1.0,
        "f":1.0
      },
      "DNI":{
        "p":0.9662921348,
        "r":0.8431372549,
        "f":0.9005235602
      },
      "PROVINCIA":{
        "p":0.0,
        "r":0.0,
        "f":0.0
      },
      "REF_CATASTRAL":{
        "p":1.0,
        "r":0.8,
        "f":0.8888888889
      },
      "CUENTA_BANCARIA":{
        "p":0.5,
        "r":0.2727272727,
        "f":0.3529411765
      },
      "MATRICULA":{
        "p":0.0,
        "r":0.0,
        "f":0.0
      }
    },
    "ents_f":0.9356725146,
    "ents_p":0.9548167093,
    "ents_r":0.9172809173,
    "tok2vec_loss":245.9794066102,
    "ner_loss":87.4839510488
  }
}